First vs. Second: Pre-Covid,Statistics,P-Values
0.0,-0.26267744042157287,0.7929321175983518
0.1,0.4766992613057204,0.6338321200829398
0.2,0.08660181036411023,0.9310306155644091
0.3,1.1413480018401665,0.2543962211934062
0.4,1.9772094023107896,0.04869234212155211
0.5,4.330572352926438,1.8750362965401192e-05
0.6,1.2239034972539968,0.22169666854646491
0.7,-1.2212176008904392,0.2227158284891831
0.8,0.7439630224274368,0.4573586150601703
0.9,-0.19860377080163824,0.8428114209527963
