Home vs. Hospital: Pre-Covid,Statistics,P-Values
0.0,1.5352320429776067,0.1248493130622874
0.1,0.8103236149647204,0.41782885438936024
0.2,1.934369418686622,0.05317681089474441
0.3,1.0019619035708545,0.3164558454507664
0.4,-0.7683256259986102,0.44236399072041643
0.5,0.08092996673033646,0.935503917965649
0.6,0.20024184988487675,0.8413072020484818
0.7,-0.6101035201615578,0.5418469252812023
0.8,1.3251533715560486,0.1852412858979094
0.9,0.6485309257464125,0.5167637620414096
