Positive vs. Negative: Pre-Covid,Statistics,P-Values
0.0,2.2003787457263964,0.027811429936344684
0.1,3.0650774838121615,0.00218413039619792
0.2,2.4092697081225656,0.01600922490647277
0.3,3.3337101555882227,0.0008612513603738027
0.4,5.005580014348492,5.700554840923016e-07
0.5,3.467120780221365,0.0005291148536500451
0.6,7.796456986901601,7.256067481166907e-15
0.7,7.400878397009856,1.505280439003943e-13
0.8,4.468719012924161,7.993111531772346e-06
0.9,5.243056593058504,1.6608609437909022e-07
