C-Section vs. Vaginal: Pre-Covid,Statistics,P-Values
0.1,-2.030953414333349,0.04231606102868143
0.7,-2.20158213854047,0.027743498785422226
0.9,2.2705252565185217,0.02325871268180625
