First vs. Second: Pre-Covid,Statistics,P-Values
0.4,1.9772094023107896,0.04869234212155211
0.5,4.330572352926438,1.8750362965401192e-05
