C-Section vs. Vaginal: Pre-Covid,Statistics,P-Values
0.0,0.6660383820047745,0.5054193531524025
0.1,-2.030953414333349,0.04231606102868143
0.2,1.0946465043062068,0.2737277946037674
0.3,1.2845090724353145,0.1990273870728265
0.4,1.2208103505625703,0.22221925746386892
0.5,-0.2373679747396417,0.8123817089584584
0.6,-1.5516447673023022,0.12081477560366341
0.7,-2.20158213854047,0.027743498785422226
0.8,1.604854471361907,0.1085962567280367
0.9,2.2705252565185217,0.02325871268180625
