Medicated vs. Unmedicated: Pre-Covid,Statistics,P-Values
0.0,-0.6264868326937805,0.5310226981600772
0.1,-2.573348564958167,0.010098959765587072
0.2,-1.9814885196582612,0.047588193516833764
0.3,-3.1495478718195846,0.001644341900863846
0.4,-2.636704356653657,0.008396038831612362
0.5,2.157393748810646,0.03101987767255868
0.6,1.6218063558190965,0.10490439930029785
0.7,-0.17590958207231783,0.8603717232513768
0.8,0.3398330035845126,0.7339961613979029
0.9,1.0079120641452861,0.313584397278799
