Medicated vs. Unmedicated: Pre-Covid,Statistics,P-Values
0.1,-2.573348564958167,0.010098959765587072
0.2,-1.9814885196582612,0.047588193516833764
0.3,-3.1495478718195846,0.001644341900863846
0.4,-2.636704356653657,0.008396038831612362
0.5,2.157393748810646,0.03101987767255868
