Negative: Pre-Post Covid,Statistics,P-Values
0.0,1.1365222733013416,0.25584175151756117
0.1,0.2927403157995891,0.7697437799629396
0.2,0.7763204052611633,0.43762974251502285
0.3,1.8942968279990435,0.05829540343759574
0.4,0.24959288462122098,0.8029217232646692
0.5,1.3728215048681867,0.16992506470470103
0.6,0.7293285318857099,0.4658657673163993
0.7,-1.113602741281171,0.2655516853325306
0.8,1.7143053781552402,0.0865952773551358
0.9,-1.9011966682879982,0.057477397413828304
