Birth Center: Pre-Post Covid,Statistics,P-Values
0.0,-2.596916112098844,0.00963866857555271
0.1,-0.30014800220851884,0.7641689232579599
0.2,0.07557726028964099,0.9397807893830663
0.3,-1.275256267058682,0.20271541432416104
0.4,-2.0433068017531877,0.04146131148319658
0.5,-1.1378995828410947,0.25561963566249785
0.6,-0.822084821896617,0.41135737547000817
0.7,1.1423020491711968,0.2537871784376172
0.8,-1.478475798078376,0.13981502830413556
0.9,-2.8165009085241572,0.0051714896721752794
