Hospital: Pre-Post Covid,Statistics,P-Values
0.0,-0.8912400489175396,0.3729040323173095
0.1,-0.22204310100269062,0.8243022450879485
0.2,-0.24938083910508374,0.8030909596602538
0.3,-0.6497455990723755,0.5159286920856345
0.4,-0.6772628984823583,0.4983148841300111
0.5,1.1257548495694325,0.26039986463467135
0.6,0.3770727431278878,0.7061582167205207
0.7,2.16124436684324,0.030790912822766903
0.8,0.07690036809612015,0.9387104506416357
0.9,0.24355630771200415,0.8076247766197714
