Home: Pre-Post Covid,Statistics,P-Values
0.0,-0.12783806582337356,0.8983111217522939
0.1,-1.659731908394947,0.09738311137976535
0.2,1.5115816563434072,0.13105819315234218
0.3,-0.37621447585977685,0.7068630070269831
0.4,1.0310419914382956,0.30285085940118256
0.5,1.3404477371083179,0.18050249753040384
0.6,0.49296809805828196,0.6221782801789009
0.7,0.6271611579547571,0.5307429577917915
0.8,-1.3710926133907968,0.17076975358102164
0.9,-0.9638536220613947,0.3357866855450564
