First: Pre-Post Covid,Statistics,P-Values
0.0,-0.8162165646985668,0.4151958969218018
0.1,-0.21841431948310447,0.8272942647577475
0.2,0.21467274335000594,0.830207074145833
0.3,-0.4108981188184247,0.6815185146116682
0.4,-0.05135546190422681,0.9590855314048362
0.5,1.67999386049394,0.09427612721708577
0.6,0.0853324719925643,0.9320691185172694
0.7,-3.051294870757941,0.0025402764296212576
0.8,-1.0922295264353892,0.2758951814784623
0.9,0.6934958567826839,0.4895297026296832
