Positive vs. Negative: Post-Covid,Statistics,P-Values
0.0,3.263550325119766,0.0011176002687601754
0.4,2.1819870244564505,0.02921902734751827
0.5,3.4089125263797904,0.0006643201082334585
0.6,4.679542933392352,3.0550848211988563e-06
0.7,3.3856577891980777,0.0007229270190532939
0.8,4.6752379725186275,3.1284209088309076e-06
