Positive vs. Negative: Post-Covid,Statistics,P-Values
0.0,3.263550325119766,0.0011176002687601754
0.1,1.8093168365081076,0.07054218795109946
0.2,1.20652786931182,0.22774750378573255
0.3,1.955710873915566,0.050629295941665556
0.4,2.1819870244564505,0.02921902734751827
0.5,3.4089125263797904,0.0006643201082334585
0.6,4.679542933392352,3.0550848211988563e-06
0.7,3.3856577891980777,0.0007229270190532939
0.8,4.6752379725186275,3.1284209088309076e-06
0.9,1.8415361705349247,0.06578270696838442
