C-Section vs. Vaginal: Post-Covid,Statistics,P-Values
0.0,-1.2673848288790572,0.20534017271045713
0.1,-0.8513829313140159,0.394779427071428
0.2,-1.183388862518967,0.2369624304884221
0.3,-0.7161169812846299,0.47410183715382714
0.4,-0.5636469530868349,0.5731325329649815
0.5,-1.8673477513380405,0.062172595021059936
0.6,-0.7858783631495571,0.4321422107220839
0.7,0.05921732730651687,0.9527919389190483
0.8,-2.484719294449438,0.013152400401369039
0.9,0.3631362411278799,0.7166382134427449
