First: Pre-Post Covid,Statistics,P-Values
0.7,-3.051294870757941,0.0025402764296212576
