Second: Pre-Post Covid,Statistics,P-Values
0.7,2.3218471996272236,0.021020258721640973
