Positive: Pre-Post Covid,Statistics,P-Values
0.0,-1.9612285051351572,0.04989330765478787
0.3,2.8196561080663147,0.00482148678821929
0.9,-2.4405719298331636,0.014709231906399495
