Hospital: Pre-Post Covid,Statistics,P-Values
0.7,2.16124436684324,0.030790912822766903
