Vaginal: Pre-Post Covid,Statistics,P-Values
0.0,-3.259887097796146,0.0011372535894585746
0.8,-2.1470745725988607,0.0319377991094538
