Birth Center: Pre-Post Covid,Statistics,P-Values
0.0,-2.6382772206541723,0.008537098109648297
0.1,-0.31584480484801136,0.7522240902690339
0.2,-0.008398660523833581,0.9933015550415255
0.3,-1.3288762273322443,0.1843661060769811
0.4,-2.1084576236157773,0.03538252523936991
0.5,-0.9543753728930702,0.34025682746282226
0.6,-0.7041427972982738,0.48160198691333633
0.7,1.158581880239925,0.2470621852828778
0.8,-1.3780938966294918,0.16866509934144258
0.9,-3.1426196670406483,0.0018239261170140241
