C-Section: Pre-Post Covid,Statistics,P-Values
0.0,-2.1950559628846897,0.028217574941147603
0.1,0.06744668871844388,0.9462295151633917
0.2,0.37930208426708245,0.7044839407269137
0.3,1.140114002903305,0.254307934962713
0.4,-0.9492796451100214,0.3425364776046227
0.5,0.9194781403940223,0.35790167953506646
0.6,-0.12049865905643685,0.9040942703911263
0.7,0.8402721707513642,0.400806774724093
0.8,2.189025580197143,0.02865626439397017
0.9,-0.08994965887206363,0.9283353551554809
