Medicated: Pre-Post Covid,Statistics,P-Values
0.0,-1.110365222648662,0.2669247419148913
0.1,-1.5202323642384015,0.12855095123374047
0.2,-1.3482306726623183,0.17767920761059106
0.3,0.30021821201525595,0.7640301302792248
0.4,-0.6002381627139859,0.5483898419491883
0.5,2.582525817166085,0.009851834207105505
0.6,2.1378130418744807,0.03260714775261062
0.7,-1.7107575360531884,0.08722238054655546
0.8,0.7500155512022224,0.45330133387274973
0.9,0.8405079938379475,0.4007372731258565
