,Statistics: Pre-Covid,Statistics: Post-Covid,P-Values: Pre-Covid,P-Values: Post-Covid
"('Positive', 'Negative')",14.00681587194144,9.164324512480038,1.629775029906866e-44,5.445964506204342e-20
"('Medicated', 'Unmedicated')",-1.7107315025194267,-1.0285897384153915,0.08713686028248965,0.3036970655680201
"('Home', 'Hospital')",1.8913761331972612,0.5262659317216416,0.0585859838607665,0.5987539065118155
"('Birth Center', 'Hospital')",0.8263008481271172,3.281071163439521,0.40864183900142026,0.001050844430963979
"('First', 'Second')",2.793673093255548,2.207561788316132,0.0052372828370817965,0.02753513278477129
"('C-Section', 'Vaginal')",0.5373735870876915,-2.853904876638004,0.5910122692148443,0.004328657872878162
