Positive: Pre-Post Covid,Statistics,P-Values
0.0,-1.9612285051351572,0.04989330765478787
0.1,-0.004525150379405908,0.9963895980466484
0.2,1.3742304216135162,0.169415656724299
0.3,2.8196561080663147,0.00482148678821929
0.4,0.9683176229352504,0.3329203620432982
0.5,-0.7203785206426954,0.4713168459407312
0.6,-0.2684973652554832,0.788324684756536
0.7,-1.5932102779694288,0.11115979962783243
0.8,-1.614078549978041,0.10655898874951321
0.9,-2.4405719298331636,0.014709231906399495
