Second: Pre-Post Covid,Statistics,P-Values
0.0,0.9292547087577246,0.35362234762419775
0.1,-0.4203794178815731,0.6745568609084731
0.2,-0.07827850888586362,0.9376669537202551
0.3,0.9038792546490081,0.3668993672806241
0.4,0.18794901525776206,0.8510637856884269
0.5,0.29698762765053305,0.7667139949709585
0.6,-0.6932110564601343,0.48879826822811145
0.7,2.3218471996272236,0.021020258721640973
0.8,-0.24224170851150847,0.8087997511688625
0.9,-0.7591808540675248,0.4492582788857121
