Unmedicated: Pre-Post Covid,Statistics,P-Values
0.0,-2.3628328385368196,0.018196636826291468
0.1,0.9943685859202086,0.3201202712679212
0.2,-0.21986197883860764,0.8259929765843709
0.3,0.09294714640033852,0.9259514952166938
0.4,1.4177863531152937,0.15635262796229166
0.5,0.3409352066736932,0.7331752277930825
0.6,-0.45182023725869364,0.6514297756226275
0.7,0.8094279551076973,0.41833073116343633
0.8,-1.0364361535603113,0.30008122595922754
0.9,0.3801904709593199,0.7038532639745494
