Vaginal: Pre-Post Covid,Statistics,P-Values
0.0,-3.259887097796146,0.0011372535894585746
0.1,0.12671559883407868,0.8991809291086197
0.2,-1.5931329970763646,0.1113217750687908
0.3,-0.6773240053862077,0.4982952990355911
0.4,-1.900341519820741,0.05756236557699374
0.5,-1.358114493991323,0.17461291600180126
0.6,-0.19412893741336548,0.846098805908861
0.7,1.8183493291312143,0.0691918838342504
0.8,-2.1470745725988607,0.0319377991094538
0.9,-0.8384970421704826,0.4019725270240765
