Medicated: Pre-Post Covid,Statistics,P-Values
0.5,2.582525817166085,0.009851834207105505
0.6,2.1378130418744807,0.03260714775261062
