C-Section: Pre-Post Covid,Statistics,P-Values
0.0,-2.1950559628846897,0.028217574941147603
0.8,2.189025580197143,0.02865626439397017
