Unmedicated: Pre-Post Covid,Statistics,P-Values
0.0,-2.3628328385368196,0.018196636826291468
