First vs. Second: Post-Covid,Statistics,P-Values
0.0,1.139445622500868,0.2575747980609579
0.1,0.012273564818853347,0.9902348289878762
0.2,-0.16995951391482408,0.8654277204063983
0.3,1.6424505260746056,0.10402549597448249
0.4,1.0196415637024665,0.310662222454963
0.5,1.0610551395607803,0.29153573936118393
0.6,-0.07845044439479512,0.9376458616562972
0.7,3.565061193757798,0.0005877325590739065
0.8,0.8960852798945386,0.3727086430691481
0.9,-1.2410817938174035,0.21994009782528662
