First vs. Second: Post-Covid,Statistics,P-Values
0.7,3.565061193757798,0.0005877325590739065
