Medicated vs. Unmedicated: Post-Covid,Statistics,P-Values
0.0,-1.4415600989618833,0.14972326562454472
0.1,0.7714410187577881,0.4406183170010045
0.2,-0.08088007046324747,0.9355526696135426
0.3,-1.4945879340810841,0.13532104802912412
0.4,0.430428433830715,0.6669719288091244
0.5,-0.6236285262053428,0.5330063767931925
0.6,-1.1843467209560699,0.2365425909690846
0.7,1.7651185481845708,0.07783311377949344
0.8,-1.2235658184248916,0.2213926733227752
0.9,0.1383474760109403,0.8900101545642172
