Home vs. Hospital: Post-Covid,Statistics,P-Values
0.0,0.01701650542393654,0.986437469040091
0.1,1.4734678405662747,0.14192445302419548
0.2,-0.6498414511355909,0.5164110059064302
0.3,0.180096352446451,0.8572276417729776
0.4,-1.4287671583661796,0.15436060943914665
0.5,-0.23373026642185252,0.8153919871537019
0.6,-0.058694709416663965,0.9532437110047725
0.7,0.7781197791400056,0.4372584972303153
0.8,1.55854648507694,0.12044372957117427
0.9,1.1120325736082186,0.2682929444599109
